,marital_status,application_mode,application_order,course,daytime_attendance,previous_qualification,previous_qualification_grade,mothers_qualification,fathers_qualification,mothers_occupation,admission_grade,displaced,educational_special_needs,debtor,tuition_fees_up_to_date,male,scholarship_holder,age,curricular_units_1st_sem_enrolled,curricular_units_1st_sem_evaluations,curricular_units_1st_sem_approved,curricular_units_1st_sem_grade,curricular_units_1st_sem_without_evaluations,curricular_units_2nd_sem_credited,curricular_units_2nd_sem_enrolled,curricular_units_2nd_sem_evaluations,curricular_units_2nd_sem_approved,curricular_units_2nd_sem_grade,curricular_units_2nd_sem_without_evaluations,inflation_rate,prediction
0,4,1,-0.5548002603816558,9130,1,1,0.03141557907549898,3,1,5,-1.1669928524474384,1,0,0,1,0,1,0.892128405252464,-0.10779869597534744,-0.30556932111216445,-1.5760313803110428,-2.3407645038735576,-0.1455296783343079,-0.27785718048264324,-0.10112197848001594,2.0369129582392564,-1.1442628347222827,-0.05409594344270553,-0.195430329440261,-0.46451978273124583,Dropout
1,1,17,-0.5548002603816558,9238,1,1,-0.8592690794246657,4,3,1,-0.4923130009467782,0,0,0,1,0,0,-0.6951927911642704,-0.10779869597534744,0.17228787550611457,0.10054681211098299,0.1664612633499188,-0.1455296783343079,-0.27785718048264324,-0.10112197848001594,-0.011026805606140477,0.5230485015364843,0.3621599782012635,-0.195430329440261,-0.6848010294344052,Graduate
2,1,17,-0.5548002603816558,9853,1,1,0.03141557907549898,38,38,9,0.03090810838026521,0,0,1,1,0,1,-0.6951927911642704,0.3089171462403005,-0.30556932111216445,0.7711780890797933,0.414088499618904,-0.1455296783343079,-0.27785718048264324,0.3602401860943888,-0.2670192760868151,0.8565107687882377,0.38991037297752834,-0.195430329440261,-0.6848010294344052,Graduate
3,1,17,0.20333655071548815,9670,1,1,-2.508685113684231,1,1,4,-0.8021149735746325,1,0,0,1,1,0,-0.5629160247962092,-0.10779869597534744,-0.06664072280302494,0.4358624505953882,0.6617157358878896,-0.1455296783343079,-0.27785718048264324,-0.10112197848001594,-0.011026805606140477,0.18958623428473087,0.5286623468588513,-0.195430329440261,1.1508760264252562,Graduate
4,1,1,-0.5548002603816558,9500,1,1,0.03141557907549898,37,19,9,-1.4286034071109597,1,0,0,1,0,0,0.4952981061482804,0.3089171462403005,1.366930867051812,-1.5760313803110428,-2.3407645038735576,-0.1455296783343079,-0.27785718048264324,0.3602401860943888,1.5249280172779072,-1.4777251019740363,-1.996623577781228,-0.195430329440261,-0.46451978273124583,Dropout
5,1,1,-0.5548002603816558,8014,0,15,0.03141557907549898,34,1,90,-1.7865967977031472,0,0,0,1,0,0,1.1566819379885864,-0.10779869597534744,0.17228787550611457,-0.2347688263734222,0.25932147695078833,-0.1455296783343079,-0.27785718048264324,-0.10112197848001594,1.012943076316558,-0.14387603296702256,0.23728320170807285,-0.195430329440261,1.0040218619564836,Enrolled
6,1,1,-0.5548002603816558,9773,1,1,1.1200301616868127,3,3,2,1.228809069207969,0,0,0,1,0,0,-0.5629160247962092,-0.10779869597534744,-0.544497919421304,0.4358624505953882,0.29543378224001526,-0.1455296783343079,-0.27785718048264324,-0.10112197848001594,-0.5230117465674897,0.5230485015364843,0.4315359651419251,-0.195430329440261,-0.6848010294344052,Graduate
7,1,1,-0.5548002603816558,9500,1,1,0.3503026790323489,1,19,3,0.45774638177864146,1,0,0,1,1,0,-0.43063925842814793,-0.10779869597534744,0.889073670433533,1.4418093660486038,0.3212282860180348,-0.1455296783343079,-0.27785718048264324,0.3602401860943888,0.24496566487453414,0.5230485015364843,0.6986335148634719,-0.195430329440261,-0.46451978273124583,Graduate
8,1,17,2.4777469840069197,9500,1,1,1.5598744374893636,19,1,4,0.7950863075289721,1,0,0,1,0,0,-0.5629160247962092,0.7256329884559484,-0.06664072280302494,1.1064937275641986,0.7666090855012051,-0.1455296783343079,-0.27785718048264324,0.8216023506687935,-0.011026805606140477,1.1899730360399912,0.7892038658145056,-0.195430329440261,-1.4924989340126564,Graduate
9,1,1,-0.5548002603816558,9500,1,1,0.03141557907549898,19,19,5,-0.6300027665591579,0,0,0,1,0,1,-0.5629160247962092,0.3089171462403005,-0.30556932111216445,0.7711780890797933,0.6276669909009038,-0.1455296783343079,-0.27785718048264324,0.8216023506687935,0.24496566487453414,0.8565107687882377,0.8533419657411477,-0.195430329440261,-0.5379468649656323,Graduate
10,1,1,0.961473361812632,9500,1,1,0.13038054113107353,1,37,8,-0.4441215829824451,1,0,0,1,1,1,-0.6951927911642704,0.3089171462403005,0.889073670433533,0.7711780890797933,0.19793055795910164,-0.1455296783343079,-0.27785718048264324,0.8216023506687935,1.2689355467972325,-0.14387603296702256,0.11451545521787829,-0.195430329440261,1.1508760264252562,Graduate
11,1,1,0.20333655071548815,9500,1,1,0.7901469548348997,38,38,9,0.8157397723708298,1,0,0,1,0,0,-0.5629160247962092,0.3089171462403005,-0.30556932111216445,0.4358624505953882,0.42543808128123245,-0.1455296783343079,-0.27785718048264324,0.3602401860943888,-0.2670192760868151,0.5230485015364843,0.48333670205761886,-0.195430329440261,1.0040218619564836,Graduate
12,1,7,-0.5548002603816558,9500,1,3,0.7901469548348997,1,1,9,0.8983536317382569,0,0,0,1,0,0,1.2889587043566475,0.3089171462403005,-0.06664072280302494,0.4358624505953882,0.7685049815288894,-0.1455296783343079,1.334046923136409,0.8216023506687935,0.5009581353552087,0.5230485015364843,0.8362292222957841,-0.195430329440261,-0.6848010294344052,Graduate
13,1,1,0.20333655071548815,9500,1,1,0.03141557907549898,19,19,7,-0.4234681181405884,1,0,0,1,0,1,-0.6951927911642704,0.7256329884559484,-0.06664072280302494,0.7711780890797933,0.8344357331855072,-0.1455296783343079,-0.27785718048264324,0.8216023506687935,-0.011026805606140477,0.8565107687882377,0.8500119183679958,-0.195430329440261,0.1228968751438458,Graduate
14,1,17,1.719610172909776,9254,1,1,0.03141557907549898,1,1,4,-0.3202007939313036,1,0,0,1,0,0,-0.5629160247962092,-0.10779869597534744,-0.30556932111216445,0.4358624505953882,0.18709686637233416,-0.1455296783343079,-0.27785718048264324,-0.10112197848001594,-0.5230117465674897,0.5230485015364843,0.3991605045696165,-0.195430329440261,-1.125363522840724,Graduate
15,5,1,0.961473361812632,9085,1,1,0.03141557907549898,19,19,4,-0.4991974892273968,1,0,0,1,0,0,-0.29836249206008675,-0.5245145381909954,1.1280022687426725,0.10054681211098299,0.3026562432978606,-0.1455296783343079,-0.27785718048264324,-0.5624841430544206,0.5009581353552087,-0.477338300218776,0.20490774113576427,1.1641694127914886,-1.4924989340126564,Enrolled
16,1,1,-0.5548002603816558,9500,1,1,0.03141557907549898,37,38,6,-0.3890456767374934,1,0,0,1,0,1,-0.5629160247962092,0.7256329884559484,0.41121647381525406,0.4358624505953882,0.22320917166156143,-0.1455296783343079,-0.27785718048264324,0.8216023506687935,0.5009581353552087,0.5230485015364843,0.3020341228526904,-0.195430329440261,-1.4924989340126564,Graduate
17,1,1,-0.5548002603816558,171,1,1,0.03141557907549898,3,3,2,1.428459229345918,1,0,0,1,0,0,-0.29836249206008675,2.39249635731854,0.889073670433533,2.4477562815018192,0.9815675827353291,-0.1455296783343079,1.8713482910094263,2.2056888443920077,1.7809204877585818,2.1903598377952513,0.9171678737265557,-0.195430329440261,0.1228968751438458,Graduate
18,1,17,-0.5548002603816558,9147,1,1,-1.9588797689310427,19,19,7,-0.8227684384164893,1,0,0,1,0,0,-0.033808959323964376,-0.5245145381909954,-0.30556932111216445,-0.9054001033422325,-0.17402618651993598,2.0153032133998328,-0.27785718048264324,-0.5624841430544206,0.24496566487453414,-1.1442628347222827,0.334409583424999,-0.195430329440261,-1.4924989340126564,Dropout
19,1,1,0.20333655071548815,9670,1,1,0.03141557907549898,3,19,4,-0.7883459970133944,1,0,0,1,0,0,-0.6951927911642704,-0.10779869597534744,-0.06664072280302494,0.10054681211098299,0.47599530868615053,-0.1455296783343079,-0.27785718048264324,-0.10112197848001594,-0.011026805606140477,0.18958623428473087,0.7229151102927035,-0.195430329440261,-1.125363522840724,Graduate
20,1,1,-0.5548002603816558,9238,1,1,0.03141557907549898,19,37,4,1.5110730887133468,1,0,0,1,0,1,-0.6951927911642704,-0.10779869597534744,-0.544497919421304,0.4358624505953882,0.6204445298430585,-0.1455296783343079,-0.27785718048264324,-0.10112197848001594,-0.5230117465674897,0.5230485015364843,0.5286623468588513,-0.195430329440261,0.1228968751438458,Graduate
21,1,1,-0.5548002603816558,9238,1,19,0.03141557907549898,37,37,9,0.829508748932067,0,0,1,0,1,0,1.2889587043566475,-0.10779869597534744,-0.06664072280302494,-1.5760313803110428,-2.3407645038735576,-0.1455296783343079,-0.27785718048264324,-0.5624841430544206,-0.5230117465674897,-1.4777251019740363,-1.996623577781228,-0.195430329440261,-0.6848010294344052,Dropout
22,1,1,-0.5548002603816558,9500,1,19,0.03141557907549898,37,37,9,-1.855441680509337,1,0,1,0,0,1,0.3630213397802192,-0.10779869597534744,-0.30556932111216445,-1.5760313803110428,0.3212282860180348,-0.1455296783343079,-0.27785718048264324,-0.10112197848001594,-0.5230117465674897,-1.4777251019740363,-1.996623577781228,-0.195430329440261,-1.125363522840724,Dropout
23,1,1,-0.5548002603816558,9238,1,1,0.03141557907549898,19,38,9,-0.3615077236150171,0,1,0,1,0,1,-0.43063925842814793,-0.10779869597534744,0.17228787550611457,0.10054681211098299,0.3212282860180348,-0.1455296783343079,-0.27785718048264324,-0.10112197848001594,-0.2670192760868151,0.5230485015364843,0.8061662946214974,-0.195430329440261,-0.6848010294344052,Graduate
24,1,17,-0.5548002603816558,9003,1,1,0.020419472180435837,38,37,9,-0.11366614551273405,1,0,0,1,0,0,-0.29836249206008675,4.8927914106124275,3.278359653524928,4.459650112408251,0.2352466067579704,2.0153032133998328,5.632457866120548,3.128413173540817,1.2689355467972325,2.8572843722987584,0.22981194157600163,-0.195430329440261,1.1508760264252562,Graduate
25,1,1,-0.5548002603816558,9670,1,1,0.03141557907549898,12,12,5,-0.024167797864687448,1,0,0,1,0,0,-0.6951927911642704,-0.10779869597534744,-0.06664072280302494,0.4358624505953882,0.8280902852561141,-0.1455296783343079,-0.27785718048264324,-0.10112197848001594,0.24496566487453414,0.5230485015364843,0.750665505068968,-0.195430329440261,-0.46451978273124583,Graduate
26,6,17,0.961473361812632,8014,0,1,0.03141557907549898,19,1,5,-0.8227684384164893,0,0,0,0,0,0,0.09846780704409681,-0.5245145381909954,-0.7834265177304435,-1.5760313803110428,-2.3407645038735576,-0.1455296783343079,-0.27785718048264324,-0.5624841430544206,0.5009581353552087,-1.4777251019740363,-1.996623577781228,-0.195430329440261,0.1228968751438458,Dropout
27,1,1,-0.5548002603816558,8014,0,1,1.6698355064400012,37,37,9,0.5334757528654499,0,0,0,1,0,0,-0.033808959323964376,2.809212199534188,1.6058594653609515,1.4418093660486038,0.042647645215426175,-0.1455296783343079,1.8713482910094263,2.2056888443920077,1.012943076316558,0.8565107687882377,0.25115839909620513,-0.195430329440261,1.1508760264252562,Graduate
28,1,1,-0.5548002603816558,9147,1,1,-0.41942480362211493,37,38,4,-0.40969914157935017,1,0,0,1,0,0,-0.6951927911642704,-0.5245145381909954,-0.06664072280302494,-0.9054001033422325,-0.06568927065225491,-0.1455296783343079,-0.27785718048264324,-0.5624841430544206,-0.2670192760868151,-0.477338300218776,0.3991605045696165,-0.195430329440261,1.0040218619564836,Enrolled
29,1,17,0.20333655071548815,9773,1,1,-1.4090744241778541,1,1,2,0.0033701552577888798,1,0,0,0,1,0,-0.6951927911642704,-0.10779869597534744,-0.544497919421304,-1.5760313803110428,-2.3407645038735576,-0.1455296783343079,-0.27785718048264324,-0.10112197848001594,-2.0589665694515373,-1.4777251019740363,-1.996623577781228,-0.195430329440261,0.1228968751438458,Dropout
30,1,1,-0.5548002603816558,9085,1,39,0.7901469548348997,3,38,2,0.8983536317382569,1,0,0,1,0,0,-0.29836249206008675,2.39249635731854,2.32264526028837,1.1064937275641986,0.3134899348846289,-0.1455296783343079,1.8713482910094263,2.6670510089664123,4.852830133526678,1.1899730360399912,0.3732601361117693,-0.195430329440261,-0.5379468649656323,Graduate
31,1,1,0.961473361812632,9773,1,1,0.03141557907549898,34,1,5,0.629858588794116,1,0,0,0,1,0,-0.5629160247962092,-0.9412303804066432,-0.06664072280302494,-1.5760313803110428,-2.3407645038735576,-0.1455296783343079,-0.27785718048264324,-0.10112197848001594,-2.0589665694515373,-1.4777251019740363,-1.996623577781228,-0.195430329440261,-1.4924989340126564,Dropout
32,2,1,-0.5548002603816558,9500,1,1,-0.30946373467147725,37,37,5,-0.47854402438554006,0,0,0,1,1,0,2.744003134405321,0.3089171462403005,0.6501450721243935,0.10054681211098299,0.2809888601243245,-0.1455296783343079,-0.27785718048264324,0.3602401860943888,0.5009581353552087,0.18958623428473087,0.45096124148531025,-0.195430329440261,-0.46451978273124583,Enrolled
33,1,1,0.961473361812632,9773,1,1,1.7797965753906388,1,3,0,1.4973041121521078,0,0,0,0,1,0,-0.43063925842814793,-0.9412303804066432,-1.022355116039583,-1.5760313803110428,-2.3407645038735576,-0.1455296783343079,-0.27785718048264324,-1.0238463076288253,-0.011026805606140477,-1.4777251019740363,-1.996623577781228,-0.195430329440261,0.1228968751438458,Dropout
34,1,7,-0.5548002603816558,8014,0,3,0.03141557907549898,1,1,4,0.8983536317382569,0,0,0,1,0,0,0.892128405252464,-0.10779869597534744,-1.978069509276141,-1.5760313803110428,-2.3407645038735576,-0.1455296783343079,-0.27785718048264324,-0.10112197848001594,-2.0589665694515373,-1.4777251019740363,-1.996623577781228,-0.195430329440261,0.1228968751438458,Dropout
35,1,1,-0.5548002603816558,9670,1,1,0.03141557907549898,37,37,9,-0.2720093759669705,1,0,0,1,0,1,-0.6951927911642704,-0.5245145381909954,-0.544497919421304,-0.5700844648578274,0.18709686637233416,-0.1455296783343079,-0.27785718048264324,-0.5624841430544206,-0.5230117465674897,-0.14387603296702256,0.6257887285757774,-0.195430329440261,1.0040218619564836,Enrolled
36,1,1,-0.5548002603816558,9238,1,1,1.9997187132919143,37,1,9,0.7882018192483535,1,0,0,1,0,1,-0.43063925842814793,-0.10779869597534744,-0.06664072280302494,0.4358624505953882,0.7468375983553532,-0.1455296783343079,-0.27785718048264324,-0.10112197848001594,-0.011026805606140477,0.5230485015364843,0.14015681999114674,-0.195430329440261,1.8117197665347344,Graduate
37,1,1,-0.5548002603816558,9147,1,1,0.03141557907549898,1,4,9,-0.3546232353343985,0,0,0,1,1,0,-0.5629160247962092,-0.5245145381909954,-0.06664072280302494,0.10054681211098299,0.1726519442566434,-0.1455296783343079,-0.27785718048264324,-0.5624841430544206,0.5009581353552087,-0.14387603296702256,0.6257887285757774,3.883368897254988,-0.6848010294344052,Enrolled
38,1,1,-0.5548002603816558,9670,1,1,0.03141557907549898,1,19,4,0.38890149897245163,0,0,0,1,0,1,-0.6951927911642704,-0.10779869597534744,-0.06664072280302494,0.4358624505953882,0.6926691404215126,-0.1455296783343079,-0.27785718048264324,-0.10112197848001594,-0.2670192760868151,0.5230485015364843,0.5564127416351158,-0.195430329440261,-0.46451978273124583,Graduate
39,1,1,0.961473361812632,9085,1,39,1.8897576443412765,1,19,4,1.5868024598001553,1,0,0,1,0,0,-0.5629160247962092,-0.5245145381909954,0.41121647381525406,-1.2407157418266377,0.47599530868615053,2.0153032133998328,-0.27785718048264324,-0.5624841430544206,-0.011026805606140477,-0.477338300218776,0.9819187948711733,-0.195430329440261,1.8117197665347344,Enrolled
40,1,1,-0.5548002603816558,9085,1,1,0.03141557907549898,3,1,2,-0.9673426923094876,0,0,0,1,1,0,-0.6951927911642704,-0.5245145381909954,-0.7834265177304435,-1.5760313803110428,-2.3407645038735576,-0.1455296783343079,-0.27785718048264324,-0.5624841430544206,-0.7790042170481644,-1.4777251019740363,-1.996623577781228,-0.195430329440261,1.0040218619564836,Dropout
41,1,17,-0.5548002603816558,9147,1,1,0.03141557907549898,38,38,9,-0.595580325156063,0,0,0,1,1,0,-0.6951927911642704,-0.5245145381909954,1.1280022687426725,-1.2407157418266377,-0.17402618651993598,-0.1455296783343079,-0.27785718048264324,-0.5624841430544206,-0.7790042170481644,-1.1442628347222827,-0.05409594344270553,-0.195430329440261,1.8117197665347344,Dropout
42,1,16,-0.5548002603816558,9085,1,1,0.03141557907549898,1,1,9,0.010254643538407472,1,0,0,1,0,0,-0.6951927911642704,-0.5245145381909954,-0.06664072280302494,-0.2347688263734222,0.5301637666199911,-0.1455296783343079,-0.27785718048264324,-0.5624841430544206,0.5009581353552087,-0.14387603296702256,0.043030438274220595,-0.195430329440261,1.8117197665347344,Enrolled
43,1,17,1.719610172909776,9085,1,1,0.03141557907549898,1,3,5,-0.21004898144139925,1,0,0,1,1,0,-0.29836249206008675,-0.10779869597534744,-1.978069509276141,-1.5760313803110428,-2.3407645038735576,-0.1455296783343079,-0.27785718048264324,-0.10112197848001594,-2.0589665694515373,-1.4777251019740363,-1.996623577781228,-0.195430329440261,0.1228968751438458,Dropout
44,1,1,2.4777469840069197,9500,1,1,1.2299912306374505,37,37,7,-0.010398821303449286,1,0,1,0,0,0,-0.6951927911642704,-0.10779869597534744,-1.978069509276141,-1.5760313803110428,0.3212282860180348,-0.1455296783343079,-0.27785718048264324,0.8216023506687935,-2.0589665694515373,-1.4777251019740363,-1.996623577781228,-0.195430329440261,-1.4924989340126564,Dropout
45,1,1,3.2358837951040633,9119,1,1,0.03141557907549898,19,19,7,-0.7126166259265859,1,0,0,1,1,1,-0.43063925842814793,-0.5245145381909954,-0.544497919421304,0.10054681211098299,0.6926691404215126,-0.1455296783343079,-0.27785718048264324,-0.5624841430544206,-0.2670192760868151,0.18958623428473087,0.6840645576059332,-0.195430329440261,0.1228968751438458,Graduate
46,1,1,-0.5548002603816558,9238,1,1,3.869056885452755,37,37,9,1.5523800183970604,0,0,0,1,0,0,-0.6951927911642704,-0.10779869597534744,0.41121647381525406,0.4358624505953882,1.3426906356275992,-0.1455296783343079,-0.27785718048264324,-0.10112197848001594,0.7569506058358834,0.5230485015364843,1.111420637160408,-0.195430329440261,-0.5379468649656323,Graduate
47,1,1,-0.5548002603816558,171,1,1,0.03141557907549898,3,1,2,0.0859840146252159,1,0,0,1,0,0,-0.43063925842814793,2.39249635731854,1.1280022687426725,2.4477562815018192,0.09264929869281727,-0.1455296783343079,1.334046923136409,2.2056888443920077,2.5488978992006057,1.5234353032917447,0.4854950660957735,-0.195430329440261,-0.46451978273124583,Enrolled
48,1,17,0.20333655071548815,9500,1,1,-0.30946373467147725,38,38,7,-0.3064318173700654,1,0,0,1,0,0,-0.5629160247962092,0.7256329884559484,-0.06664072280302494,0.7711780890797933,0.6790496424267186,-0.1455296783343079,-0.27785718048264324,0.8216023506687935,-0.011026805606140477,0.8565107687882377,0.7107049365911472,-0.195430329440261,0.1228968751438458,Graduate
49,1,1,1.719610172909776,9500,1,1,1.2299912306374505,3,39,2,0.14105992087016858,1,0,0,1,0,0,-0.6951927911642704,0.3089171462403005,-0.06664072280302494,0.7711780890797933,0.4001594675787738,-0.1455296783343079,-0.27785718048264324,0.8216023506687935,0.24496566487453414,1.1899730360399912,0.6085218162705461,-0.195430329440261,-0.6848010294344052,Graduate
50,1,1,-0.5548002603816558,9119,1,1,0.03141557907549898,3,1,2,-0.8916133212226791,0,0,0,1,1,0,-0.43063925842814793,-0.5245145381909954,0.17228787550611457,-0.2347688263734222,0.1726519442566434,-0.1455296783343079,-0.27785718048264324,-0.5624841430544206,-0.2670192760868151,-0.14387603296702256,0.38297277428346205,2.5237691550232384,1.0040218619564836,Enrolled
51,1,17,0.20333655071548815,9773,1,1,0.03141557907549898,19,38,9,-0.5680423720335867,1,0,0,1,0,1,-0.6951927911642704,-0.10779869597534744,-0.544497919421304,0.10054681211098299,0.3212282860180348,-0.1455296783343079,-0.27785718048264324,-0.10112197848001594,-0.5230117465674897,0.5230485015364843,0.6581641891480859,-0.195430329440261,-0.5379468649656323,Graduate
52,1,1,0.961473361812632,9500,1,1,0.03141557907549898,1,1,9,0.0033701552577888798,1,0,0,1,0,0,-0.5629160247962092,0.7256329884559484,0.41121647381525406,0.10054681211098299,0.3212282860180348,-0.1455296783343079,-0.27785718048264324,0.8216023506687935,0.5009581353552087,-1.1442628347222827,0.6588116983595322,9.321767866181988,-1.4924989340126564,Dropout
53,1,17,0.20333655071548815,9500,1,1,0.03141557907549898,37,38,9,-1.4423723836721978,1,0,0,1,0,0,-0.5629160247962092,-0.10779869597534744,1.844788063670091,-0.9054001033422325,0.3212282860180348,-0.1455296783343079,-0.27785718048264324,0.3602401860943888,1.012943076316558,-0.8108005674705294,0.14015681999114674,-0.195430329440261,0.1228968751438458,Dropout
54,1,17,1.719610172909776,9119,1,1,0.03141557907549898,1,1,191,-0.40969914157935017,1,0,0,1,1,0,-0.43063925842814793,-0.5245145381909954,0.41121647381525406,-0.2347688263734222,0.7468375983553532,-0.1455296783343079,-0.27785718048264324,-0.5624841430544206,1.5249280172779072,-1.1442628347222827,-0.05409594344270553,-0.195430329440261,0.1228968751438458,Enrolled
55,2,1,0.20333655071548815,9500,0,1,0.03141557907549898,34,34,0,-1.855441680509337,1,0,0,1,0,0,2.347172835301137,-0.10779869597534744,0.17228787550611457,0.10054681211098299,0.3212282860180348,-0.1455296783343079,-0.27785718048264324,-0.10112197848001594,0.5009581353552087,-0.477338300218776,0.07540589884652919,1.1641694127914886,1.0040218619564836,Dropout
56,1,17,-0.5548002603816558,9670,1,1,0.03141557907549898,19,37,7,0.5059377997429755,0,1,0,1,0,0,-0.43063925842814793,-0.10779869597534744,-0.30556932111216445,0.4358624505953882,0.40377069810769634,-0.1455296783343079,-0.27785718048264324,-0.10112197848001594,0.24496566487453414,0.5230485015364843,0.6797478295296258,-0.195430329440261,0.1228968751438458,Graduate
57,1,1,0.961473361812632,9085,1,1,0.03141557907549898,11,11,90,1.9516803386729622,0,0,0,1,0,0,-0.5629160247962092,-0.5245145381909954,-0.7834265177304435,0.10054681211098299,0.9526777385039471,-0.1455296783343079,-0.27785718048264324,-0.5624841430544206,-0.5230117465674897,0.18958623428473087,0.5675128995456216,-0.195430329440261,1.0040218619564836,Graduate
58,1,1,-0.5548002603816558,9500,1,1,1.5598744374893636,38,19,5,1.4009212762234435,0,0,0,1,0,0,-0.6951927911642704,0.3089171462403005,-0.30556932111216445,0.4358624505953882,0.6854466793636677,-0.1455296783343079,-0.27785718048264324,0.3602401860943888,-0.2670192760868151,0.5230485015364843,0.7164400181782421,-0.195430329440261,1.0040218619564836,Graduate
59,1,1,-0.5548002603816558,9773,1,1,0.03141557907549898,1,3,9,-0.7539235556102994,0,0,0,1,1,0,-0.43063925842814793,-0.10779869597534744,-0.06664072280302494,0.4358624505953882,0.15098456108310726,-0.1455296783343079,-0.27785718048264324,-0.10112197848001594,-0.011026805606140477,0.5230485015364843,0.14015681999114674,-0.195430329440261,-0.6848010294344052,Graduate
60,1,1,3.2358837951040633,171,1,1,0.03141557907549898,19,37,5,-0.06547472754840096,1,0,0,1,0,1,-0.6951927911642704,-2.608093749269235,-1.978069509276141,-1.5760313803110428,-2.3407645038735576,-0.1455296783343079,-0.27785718048264324,-2.869294965926444,-2.0589665694515373,-1.4777251019740363,-1.996623577781228,-0.195430329440261,-1.4924989340126564,Dropout
61,1,7,-0.5548002603816558,9773,1,43,0.7901469548348997,19,1,4,0.8983536317382569,0,0,0,1,1,0,0.230744573412158,-0.10779869597534744,-0.544497919421304,0.4358624505953882,0.8371183615784207,-0.1455296783343079,-0.27785718048264324,-0.10112197848001594,-0.5230117465674897,0.5230485015364843,0.6257887285757774,-0.195430329440261,-0.46451978273124583,Graduate
62,1,1,0.20333655071548815,9556,1,1,0.3503026790323489,19,19,9,0.1754823622732635,1,0,0,1,0,0,-0.6951927911642704,0.3089171462403005,0.17228787550611457,0.7711780890797933,0.9430477904268203,-0.1455296783343079,-0.27785718048264324,0.8216023506687935,-0.011026805606140477,1.1899730360399912,1.26682284790749,-0.195430329440261,1.8117197665347344,Graduate
63,1,1,0.20333655071548815,9500,1,1,-0.9692301483753034,34,34,0,-0.25135591112511374,1,0,0,1,0,1,-0.43063925842814793,0.7256329884559484,-0.06664072280302494,0.7711780890797933,0.8879851230286748,2.0153032133998328,-0.27785718048264324,0.8216023506687935,-0.011026805606140477,0.8565107687882377,0.8980201013309331,1.1641694127914886,-1.4924989340126564,Graduate
64,1,1,-0.5548002603816558,9254,1,1,-0.08954159677020185,19,38,9,-0.47165953610492145,0,0,0,1,0,1,-0.43063925842814793,-0.10779869597534744,-0.544497919421304,0.4358624505953882,0.33154608752924253,-0.1455296783343079,-0.27785718048264324,-0.10112197848001594,-0.2670192760868151,0.5230485015364843,0.3020341228526904,-0.195430329440261,-1.125363522840724,Graduate
65,1,17,0.20333655071548815,9556,1,1,0.03141557907549898,1,1,9,0.09286850290583647,0,0,0,1,0,1,-0.6951927911642704,0.3089171462403005,-0.30556932111216445,0.10054681211098299,0.3212282860180348,-0.1455296783343079,-0.27785718048264324,0.8216023506687935,-0.011026805606140477,1.1899730360399912,0.8686046828680927,-0.195430329440261,1.1508760264252562,Graduate
66,1,1,-0.5548002603816558,9773,1,1,0.03141557907549898,38,19,9,-0.024167797864687448,1,0,0,1,0,0,-0.6951927911642704,-0.10779869597534744,-0.544497919421304,0.4358624505953882,0.4398830033969236,-0.1455296783343079,-0.27785718048264324,-0.10112197848001594,-0.5230117465674897,0.5230485015364843,0.6905396497203949,-0.195430329440261,0.1228968751438458,Graduate
67,1,1,-0.5548002603816558,9147,1,1,-0.5293858725727526,38,37,5,-0.33396977049254173,0,0,0,1,0,1,-0.6951927911642704,-0.5245145381909954,0.6501450721243935,-0.2347688263734222,0.1664612633499188,-0.1455296783343079,-0.27785718048264324,-0.5624841430544206,0.24496566487453414,0.18958623428473087,0.334409583424999,-0.195430329440261,-1.125363522840724,Graduate
68,1,1,2.4777469840069197,9147,1,1,0.020419472180435837,19,3,9,-0.25824039940573235,1,0,0,1,1,0,-0.6951927911642704,-0.5245145381909954,1.366930867051812,-0.2347688263734222,0.042647645215426175,-0.1455296783343079,-0.27785718048264324,-0.5624841430544206,0.24496566487453414,0.18958623428473087,0.043030438274220595,-0.195430329440261,-1.125363522840724,Enrolled
69,4,1,-0.5548002603816558,9500,1,1,0.03141557907549898,37,37,9,0.20990480367635841,0,0,1,1,0,0,1.9503425361969535,0.3089171462403005,1.1280022687426725,-0.5700844648578274,0.22320917166156143,-0.1455296783343079,-0.27785718048264324,0.3602401860943888,1.5249280172779072,-0.8108005674705294,-0.05409594344270553,-0.195430329440261,-0.6848010294344052,Dropout
70,1,1,-0.5548002603816558,9238,1,1,-0.8592690794246657,1,1,3,-0.08612819239025772,1,0,0,1,0,0,-0.6951927911642704,-0.10779869597534744,0.41121647381525406,0.4358624505953882,0.1664612633499188,-0.1455296783343079,-0.27785718048264324,-0.10112197848001594,-0.011026805606140477,0.5230485015364843,0.3991605045696165,-0.195430329440261,-0.5379468649656323,Graduate
71,1,17,-0.5548002603816558,9085,1,1,-0.5293858725727526,2,19,2,-0.25135591112511374,1,0,0,1,0,1,-0.43063925842814793,-0.10779869597534744,-0.544497919421304,0.4358624505953882,0.8732306668676479,-0.1455296783343079,-0.27785718048264324,-0.10112197848001594,-0.011026805606140477,0.5230485015364843,0.3621599782012635,-0.195430329440261,0.1228968751438458,Graduate
72,1,17,0.20333655071548815,9773,1,1,-1.079191217325941,1,1,3,-0.4165836298599688,1,0,0,1,0,0,-0.6951927911642704,-0.10779869597534744,-1.978069509276141,-1.5760313803110428,-2.3407645038735576,-0.1455296783343079,-0.27785718048264324,-0.10112197848001594,-0.011026805606140477,-1.4777251019740363,0.3732601361117693,-0.195430329440261,0.1228968751438458,Dropout
73,1,1,-0.5548002603816558,9003,1,1,0.7901469548348997,1,1,4,0.8983536317382569,0,0,0,1,1,0,-0.43063925842814793,-0.10779869597534744,0.6501450721243935,0.4358624505953882,0.10455445428267267,-0.1455296783343079,-0.27785718048264324,-0.10112197848001594,1.012943076316558,0.18958623428473087,0.2912423026619212,-0.195430329440261,-0.6848010294344052,Enrolled
74,1,1,-0.5548002603816558,9003,1,39,0.7901469548348997,19,38,3,0.8983536317382569,1,0,0,1,1,0,-0.29836249206008675,-0.10779869597534744,-0.30556932111216445,0.4358624505953882,0.4450419041525274,-0.1455296783343079,-0.27785718048264324,-0.10112197848001594,-0.5230117465674897,0.5230485015364843,0.5610378074311598,-0.195430329440261,-0.5379468649656323,Graduate
75,1,1,-0.5548002603816558,171,1,1,0.03141557907549898,19,1,9,1.111772768437445,0,0,0,1,1,0,-0.6951927911642704,-2.608093749269235,-1.978069509276141,-1.5760313803110428,-2.3407645038735576,-0.1455296783343079,-0.27785718048264324,-2.869294965926444,-2.0589665694515373,-1.4777251019740363,-1.996623577781228,-0.195430329440261,-1.4924989340126564,Dropout
76,1,1,1.719610172909776,9500,1,1,0.03141557907549898,38,37,9,-0.044821262706544206,1,0,0,1,0,1,-0.5629160247962092,-0.10779869597534744,-0.30556932111216445,0.4358624505953882,0.3212282860180348,-0.1455296783343079,-0.27785718048264324,0.3602401860943888,-0.2670192760868151,0.5230485015364843,1.001344071214558,-0.195430329440261,1.0040218619564836,Graduate
77,1,1,0.20333655071548815,9147,1,1,-0.30946373467147725,34,37,9,-0.5818113485948248,1,0,0,1,1,0,-0.033808959323964376,1.5590646728872442,2.5615738585975096,1.1064937275641986,0.17806879005002754,2.0153032133998328,1.8713482910094263,1.744326679817603,2.0369129582392564,1.856897570543498,0.1754755042518471,3.883368897254988,1.0040218619564836,Enrolled
78,1,1,-0.5548002603816558,9500,1,1,0.03141557907549898,38,19,5,-0.795230485294013,1,0,0,1,0,1,0.09846780704409681,0.7256329884559484,-0.06664072280302494,0.7711780890797933,0.25313079604406374,-0.1455296783343079,-0.27785718048264324,0.8216023506687935,-0.011026805606140477,0.8565107687882377,0.3288595044697461,-0.195430329440261,1.8117197665347344,Graduate
79,1,17,0.20333655071548815,9500,1,1,0.03141557907549898,19,1,5,0.024023620099645638,1,0,0,1,0,0,-0.6951927911642704,0.3089171462403005,-0.06664072280302494,0.7711780890797933,0.5423516696551053,-0.1455296783343079,-0.27785718048264324,0.8216023506687935,-0.011026805606140477,1.1899730360399912,0.828782866364153,-0.195430329440261,1.1508760264252562,Graduate
80,1,17,-0.5548002603816558,9773,1,1,0.03141557907549898,19,38,5,-0.0930126806708773,1,0,0,1,1,0,-0.5629160247962092,-0.10779869597534744,-0.544497919421304,-1.5760313803110428,-2.3407645038735576,-0.1455296783343079,-0.27785718048264324,-0.10112197848001594,-2.0589665694515373,-1.4777251019740363,-1.996623577781228,-0.195430329440261,0.1228968751438458,Dropout
81,1,7,-0.5548002603816558,9070,1,3,0.03141557907549898,3,5,2,-0.47854402438554006,1,0,0,1,0,0,1.1566819379885864,-1.3579462226222911,-1.2612837143487226,-0.9054001033422325,1.126016803892237,-0.1455296783343079,-0.27785718048264324,-1.4852084722032302,-1.2909891580095136,-1.1442628347222827,1.111420637160408,-0.195430329440261,1.0040218619564836,Dropout
82,1,1,0.20333655071548815,9500,1,6,0.03141557907549898,1,19,4,-0.5405044189111113,0,0,0,1,1,0,-0.16608572569202557,0.3089171462403005,-0.30556932111216445,0.4358624505953882,0.4182156202233875,-0.1455296783343079,-0.27785718048264324,0.3602401860943888,-0.2670192760868151,0.5230485015364843,0.4768616099431575,-0.195430329440261,1.0040218619564836,Graduate
83,1,1,0.961473361812632,9500,1,1,0.680185885884262,18,18,1,0.26498070992131106,1,0,0,0,0,0,-0.6951927911642704,0.7256329884559484,0.17228787550611457,0.4358624505953882,0.42363246601677124,2.0153032133998328,-0.27785718048264324,0.8216023506687935,0.24496566487453414,0.5230485015364843,0.4817179290290035,1.1641694127914886,-1.4924989340126564,Dropout
84,1,17,0.20333655071548815,8014,0,1,-1.1891522862765787,37,19,9,-0.21693346972201882,0,0,0,1,0,0,-0.43063925842814793,-0.10779869597534744,-0.06664072280302494,0.10054681211098299,0.25932147695078833,-0.1455296783343079,-0.27785718048264324,-0.10112197848001594,-0.011026805606140477,0.5230485015364843,0.14015681999114674,-0.195430329440261,0.1228968751438458,Graduate
85,1,1,-0.5548002603816558,9991,0,1,0.03141557907549898,38,38,3,0.8983536317382569,0,0,0,1,0,0,0.230744573412158,-0.5245145381909954,0.6501450721243935,-0.5700844648578274,-0.029576965363028007,-0.1455296783343079,-0.27785718048264324,-0.5624841430544206,0.7569506058358834,-0.477338300218776,0.20490774113576427,-0.195430329440261,1.1508760264252562,Enrolled
86,1,17,-0.5548002603816558,9238,1,1,0.03141557907549898,19,1,0,-0.33396977049254173,1,0,0,1,0,0,-0.6951927911642704,-0.10779869597534744,0.17228787550611457,0.10054681211098299,0.22320917166156143,-0.1455296783343079,-0.27785718048264324,-0.10112197848001594,-0.2670192760868151,0.18958623428473087,0.6840645576059332,-0.195430329440261,-1.125363522840724,Graduate
87,1,1,3.2358837951040633,9147,1,1,0.03141557907549898,38,38,9,-0.6644252079622528,1,0,0,1,0,0,-0.43063925842814793,-0.5245145381909954,-0.06664072280302494,-0.2347688263734222,0.25932147695078833,-0.1455296783343079,-0.27785718048264324,-0.5624841430544206,-0.011026805606140477,0.18958623428473087,0.17900737267791703,-0.195430329440261,-0.46451978273124583,Graduate
88,1,1,-0.5548002603816558,9085,1,1,0.03141557907549898,1,38,9,-0.24447142284449416,0,0,0,1,0,0,-0.5629160247962092,-0.5245145381909954,-0.544497919421304,0.10054681211098299,0.3212282860180348,-0.1455296783343079,-0.27785718048264324,-0.5624841430544206,-0.5230117465674897,0.18958623428473087,0.6063634522323922,-0.195430329440261,1.0040218619564836,Graduate
89,1,1,-0.5548002603816558,9147,1,1,0.03141557907549898,1,38,3,1.9447958503923417,0,0,0,1,1,1,-0.6951927911642704,-0.5245145381909954,-0.7834265177304435,0.10054681211098299,0.21598671060371608,-0.1455296783343079,-0.27785718048264324,-0.5624841430544206,-0.011026805606140477,-0.477338300218776,0.14015681999114674,-0.195430329440261,-1.4924989340126564,Enrolled
90,1,1,-0.5548002603816558,9991,0,1,0.03141557907549898,37,37,9,0.829508748932067,0,0,0,1,1,0,2.214896068933076,-0.5245145381909954,-1.978069509276141,-1.5760313803110428,-2.3407645038735576,-0.1455296783343079,-0.27785718048264324,-0.5624841430544206,-2.0589665694515373,-1.4777251019740363,-1.996623577781228,-0.195430329440261,1.8117197665347344,Dropout
91,1,17,0.961473361812632,9500,1,1,0.5702248169336243,37,37,5,-0.12743512207397223,1,1,0,1,0,1,-0.5629160247962092,-0.10779869597534744,-0.544497919421304,0.4358624505953882,0.3212282860180348,-0.1455296783343079,-0.27785718048264324,-0.10112197848001594,-0.011026805606140477,0.18958623428473087,0.4898117941720809,-0.195430329440261,1.8117197665347344,Graduate
92,1,1,0.961473361812632,9500,1,1,0.03141557907549898,1,37,4,0.5403602411460705,1,0,0,1,0,0,-0.5629160247962092,0.3089171462403005,-0.30556932111216445,0.4358624505953882,0.5915546856116766,-0.1455296783343079,-0.27785718048264324,0.3602401860943888,-0.2670192760868151,0.5230485015364843,0.6322638206902388,-0.195430329440261,1.0040218619564836,Graduate
93,2,1,-0.5548002603816558,8014,0,1,-0.30946373467147725,34,34,0,0.20990480367635841,0,0,0,1,0,0,2.876279900773382,2.39249635731854,0.889073670433533,1.4418093660486038,0.3556209577220605,6.336968996868114,1.8713482910094263,0.3602401860943888,-0.011026805606140477,0.5230485015364843,0.334409583424999,-0.195430329440261,-1.4924989340126564,Graduate
94,1,17,-0.5548002603816558,9853,1,1,0.03141557907549898,37,37,9,-0.2995473290894468,0,0,0,1,0,0,-0.43063925842814793,-0.10779869597534744,-0.06664072280302494,-0.5700844648578274,0.33154608752924253,-0.1455296783343079,-0.27785718048264324,-0.10112197848001594,0.7569506058358834,-0.8108005674705294,0.043030438274220595,-0.195430329440261,1.8117197665347344,Dropout
95,1,17,-0.5548002603816558,9254,1,1,0.03141557907549898,19,1,5,-0.43035260642120693,1,0,1,1,0,0,-0.6951927911642704,-0.10779869597534744,-0.06664072280302494,0.4358624505953882,0.18709686637233416,-0.1455296783343079,-0.27785718048264324,-0.10112197848001594,0.5009581353552087,-0.14387603296702256,0.23728320170807285,-0.195430329440261,-1.125363522840724,Dropout
96,2,1,-0.5548002603816558,9500,1,1,0.03141557907549898,37,38,4,0.20990480367635841,0,0,0,1,1,1,1.2889587043566475,0.7256329884559484,1.844788063670091,-1.2407157418266377,-0.17402618651993598,-0.1455296783343079,-0.27785718048264324,0.8216023506687935,2.0369129582392564,-1.1442628347222827,-0.05409594344270553,1.1641694127914886,1.8117197665347344,Dropout
97,1,1,-0.5548002603816558,9853,1,1,0.03141557907549898,37,19,9,-0.3202007939313036,0,0,0,1,0,0,-0.16608572569202557,-0.10779869597534744,0.17228787550611457,0.10054681211098299,0.6059996077273677,-0.1455296783343079,-0.27785718048264324,-0.10112197848001594,-0.011026805606140477,0.18958623428473087,0.334409583424999,-0.195430329440261,1.8117197665347344,Enrolled
98,2,7,-0.5548002603816558,9130,1,2,-2.508685113684231,19,19,4,-1.1669928524474384,1,0,0,1,1,0,1.8180657698288922,-0.10779869597534744,0.17228787550611457,-1.5760313803110428,-2.3407645038735576,-0.1455296783343079,-0.27785718048264324,-0.10112197848001594,-0.5230117465674897,-1.4777251019740363,-1.996623577781228,-0.195430329440261,-0.6848010294344052,Dropout
99,1,7,-0.5548002603816558,9254,1,3,0.03141557907549898,19,19,3,-1.1669928524474384,0,0,0,1,1,0,1.5535122370927699,-0.10779869597534744,-0.30556932111216445,-1.5760313803110428,-2.3407645038735576,-0.1455296783343079,-0.27785718048264324,-0.10112197848001594,-0.5230117465674897,-1.4777251019740363,-1.996623577781228,-0.195430329440261,-0.6848010294344052,Dropout
100,1,1,-0.5548002603816558,9003,1,39,0.03141557907549898,38,38,6,2.2752512878620537,1,0,0,1,0,0,-0.29836249206008675,-0.10779869597534744,0.6501450721243935,0.4358624505953882,0.5688555222870201,-0.1455296783343079,-0.27785718048264324,-0.10112197848001594,1.012943076316558,0.5230485015364843,0.5009119520825868,-0.195430329440261,1.1508760264252562,Graduate
101,1,1,-0.5548002603816558,9853,1,1,0.7901469548348997,37,37,6,-0.12055063379335265,0,0,1,1,0,0,2.347172835301137,6.142938937259371,3.5172882518340676,5.465597027861466,0.33154608752924253,-0.1455296783343079,9.930868809104688,5.896586160987246,2.8048903696812806,4.858057975809279,0.3548572427338254,-0.195430329440261,-0.5379468649656323,Graduate
102,1,1,-0.5548002603816558,9085,1,1,0.03141557907549898,4,4,2,0.8983536317382569,0,0,0,1,0,0,-0.16608572569202557,-0.10779869597534744,0.17228787550611457,0.4358624505953882,0.5482199192646047,-0.1455296783343079,0.25944418739037417,-0.10112197848001594,0.24496566487453414,-0.14387603296702256,0.23728320170807285,-0.195430329440261,-1.125363522840724,Enrolled
103,1,1,-0.5548002603816558,9773,1,19,0.03141557907549898,19,1,7,-0.8227684384164893,1,0,1,0,1,0,0.230744573412158,-0.10779869597534744,0.41121647381525406,-0.2347688263734222,0.47599530868615053,-0.1455296783343079,-0.27785718048264324,-0.10112197848001594,0.24496566487453414,-0.14387603296702256,0.6743519194342404,-0.195430329440261,1.8117197665347344,Dropout
104,1,1,-0.5548002603816558,9119,1,19,0.03141557907549898,1,19,4,-1.855441680509337,0,0,0,1,1,0,0.230744573412158,-0.5245145381909954,1.1280022687426725,-1.2407157418266377,0.042647645215426175,-0.1455296783343079,-0.27785718048264324,-0.5624841430544206,0.7569506058358834,-1.1442628347222827,-0.05409594344270553,-0.195430329440261,-1.125363522840724,Dropout
105,1,5,-0.5548002603816558,9500,1,1,-1.5190354931284917,1,38,5,-0.595580325156063,1,0,0,1,0,0,-0.16608572569202557,-0.10779869597534744,0.6501450721243935,-0.5700844648578274,0.3212282860180348,-0.1455296783343079,-0.27785718048264324,-0.10112197848001594,0.7569506058358834,-0.14387603296702256,-0.005532752584242469,-0.195430329440261,-1.4924989340126564,Enrolled
106,1,17,0.20333655071548815,9238,1,1,1.3399522995880881,19,38,7,0.11352196774769224,1,0,0,1,0,1,-0.5629160247962092,-0.10779869597534744,0.889073670433533,0.10054681211098299,0.19741466788354184,-0.1455296783343079,-0.27785718048264324,-0.10112197848001594,0.7569506058358834,0.5230485015364843,0.14015681999114674,-0.195430329440261,1.8117197665347344,Graduate
107,1,17,-0.5548002603816558,9119,1,1,0.03141557907549898,1,1,9,-0.7401545790490612,0,0,1,0,1,0,-0.29836249206008675,-0.5245145381909954,0.17228787550611457,-0.9054001033422325,0.042647645215426175,-0.1455296783343079,-0.27785718048264324,-0.5624841430544206,-0.011026805606140477,-0.8108005674705294,0.23728320170807285,2.5237691550232384,1.0040218619564836,Dropout
108,2,1,-0.5548002603816558,9254,1,1,0.03141557907549898,2,2,134,0.20990480367635841,1,0,0,1,1,0,-0.16608572569202557,-0.10779869597534744,1.1280022687426725,-0.2347688263734222,0.15098456108310726,-0.1455296783343079,0.7967455552633915,-0.10112197848001594,1.012943076316558,-0.8108005674705294,0.4315359651419251,-0.195430329440261,1.0040218619564836,Enrolled
109,1,7,-0.5548002603816558,9991,0,1,0.03141557907549898,43,3,9,-0.47854402438554006,0,0,0,1,0,0,0.4952981061482804,-0.5245145381909954,-0.7834265177304435,0.10054681211098299,0.3212282860180348,-0.1455296783343079,-0.27785718048264324,-0.5624841430544206,-0.5230117465674897,0.18958623428473087,0.7229151102927035,-0.195430329440261,-0.46451978273124583,Graduate
110,1,1,2.4777469840069197,9070,1,1,-1.7389576310297672,19,37,5,0.2787496864825483,1,0,1,0,1,0,-0.29836249206008675,-0.10779869597534744,-0.544497919421304,-1.2407157418266377,0.6926691404215126,-0.1455296783343079,-0.27785718048264324,-0.10112197848001594,-0.2670192760868151,-1.4777251019740363,-1.996623577781228,9.321767866181988,-1.4924989340126564,Dropout
111,1,1,-0.5548002603816558,9238,1,1,-0.30946373467147725,38,37,9,0.43020842865616515,0,0,0,1,0,0,-0.43063925842814793,1.1423488306715963,1.6058594653609515,1.4418093660486038,0.18709686637233416,-0.1455296783343079,0.7967455552633915,0.3602401860943888,-0.011026805606140477,0.8565107687882377,0.27890879387246964,-0.195430329440261,1.0040218619564836,Graduate
112,1,1,-0.5548002603816558,9085,1,42,2.9893683338476533,19,37,4,2.2752512878620537,1,0,0,1,0,0,-0.43063925842814793,1.975780515102892,1.6058594653609515,2.112440643017414,0.646239033621078,-0.1455296783343079,1.8713482910094263,1.2829645152431983,0.24496566487453414,1.5234353032917447,0.7013314699111645,-0.195430329440261,0.1228968751438458,Graduate
113,1,1,0.961473361812632,9500,1,1,0.03141557907549898,1,1,4,0.16171338571202631,1,0,0,1,1,0,-0.6951927911642704,0.7256329884559484,-0.06664072280302494,0.7711780890797933,0.49766269185968665,-0.1455296783343079,-0.27785718048264324,0.8216023506687935,-0.011026805606140477,0.8565107687882377,0.5480876232022364,-0.195430329440261,1.8117197665347344,Graduate
114,1,17,-0.5548002603816558,9670,1,1,0.03141557907549898,19,38,4,-0.8640753681002028,0,0,0,1,0,0,-0.5629160247962092,-0.10779869597534744,0.41121647381525406,0.10054681211098299,0.15098456108310726,-0.1455296783343079,-0.27785718048264324,-0.10112197848001594,0.24496566487453414,-0.14387603296702256,0.8394667683530148,-0.195430329440261,-0.46451978273124583,Enrolled
115,1,17,-0.5548002603816558,9500,1,1,-0.30946373467147725,1,3,9,0.11352196774769224,1,0,0,1,0,0,-0.6951927911642704,0.3089171462403005,-0.30556932111216445,0.7711780890797933,0.8505315035429907,-0.1455296783343079,-0.27785718048264324,0.8216023506687935,0.7569506058358834,1.1899730360399912,1.1749942688296688,-0.195430329440261,-0.6848010294344052,Graduate
116,1,1,0.20333655071548815,9773,1,1,0.03141557907549898,38,1,9,-0.1825110283189239,1,0,0,1,0,0,-0.5629160247962092,-0.10779869597534744,-0.544497919421304,0.10054681211098299,0.3026562432978606,-0.1455296783343079,-0.27785718048264324,-0.10112197848001594,-0.2670192760868151,0.18958623428473087,0.1013062673043764,-0.195430329440261,0.1228968751438458,Graduate
117,6,1,-0.5548002603816558,8014,0,1,0.03141557907549898,37,37,9,-0.5473889071917298,0,0,0,1,0,1,3.2731101998775656,-0.10779869597534744,-0.30556932111216445,0.4358624505953882,-0.029576965363028007,-0.1455296783343079,-0.27785718048264324,-0.10112197848001594,0.24496566487453414,0.18958623428473087,0.29555903073822865,-0.195430329440261,0.1228968751438458,Graduate
118,1,1,-0.5548002603816558,9853,1,1,-0.30946373467147725,2,39,2,-0.16185756347706715,0,0,0,1,1,0,1.8180657698288922,6.142938937259371,3.039431055215789,5.465597027861466,0.3624994920628656,-0.1455296783343079,6.7070606018665835,5.896586160987246,2.8048903696812806,4.858057975809279,0.3753049020426522,-0.195430329440261,-0.5379468649656323,Graduate
119,2,1,-0.5548002603816558,9853,1,10,0.03141557907549898,37,34,0,-0.7883459970133944,0,0,0,1,0,0,2.0826193025650146,-0.10779869597534744,0.889073670433533,-0.5700844648578274,0.40377069810769634,-0.1455296783343079,-0.27785718048264324,-0.10112197848001594,1.5249280172779072,-1.4777251019740363,-1.996623577781228,1.1641694127914886,1.0040218619564836,Dropout
120,1,1,-0.5548002603816558,9147,1,19,0.03141557907549898,3,1,3,1.807106084779962,1,0,1,1,0,0,0.09846780704409681,-0.5245145381909954,-0.06664072280302494,0.10054681211098299,-0.1306914201728637,-0.1455296783343079,-0.27785718048264324,-0.5624841430544206,-0.5230117465674897,0.18958623428473087,0.3732601361117693,-0.195430329440261,-0.5379468649656323,Graduate
121,1,1,-0.5548002603816558,9254,1,19,0.03141557907549898,37,37,90,-1.855441680509337,0,0,0,1,1,0,3.2731101998775656,-0.10779869597534744,1.1280022687426725,-0.5700844648578274,-0.17402618651993598,-0.1455296783343079,-0.27785718048264324,-0.10112197848001594,1.7809204877585818,-1.1442628347222827,-0.05409594344270553,-0.195430329440261,1.0040218619564836,Dropout
122,1,1,-0.5548002603816558,9130,1,39,1.8897576443412765,3,1,2,1.5868024598001553,0,0,0,0,1,0,-0.16608572569202557,-0.5245145381909954,-0.7834265177304435,-1.5760313803110428,-2.3407645038735576,-0.1455296783343079,-0.27785718048264324,-0.5624841430544206,-0.7790042170481644,-1.4777251019740363,-1.996623577781228,-0.195430329440261,1.8117197665347344,Dropout
123,1,1,-0.5548002603816558,9238,1,1,2.109679782242552,1,38,4,1.2219245809273485,0,0,0,1,0,0,-0.43063925842814793,-0.10779869597534744,-0.06664072280302494,0.4358624505953882,0.8010060562891937,-0.1455296783343079,-0.27785718048264324,-0.10112197848001594,-0.2670192760868151,0.5230485015364843,1.0004190580553496,-0.195430329440261,-0.6848010294344052,Graduate
124,1,1,-0.5548002603816558,9130,1,1,0.03141557907549898,1,1,3,1.1668486746823976,1,0,0,1,1,0,-0.43063925842814793,-0.5245145381909954,1.366930867051812,-0.9054001033422325,0.042647645215426175,-0.1455296783343079,-0.27785718048264324,-0.5624841430544206,0.24496566487453414,-0.477338300218776,0.4639114257142337,-0.195430329440261,-1.4924989340126564,Enrolled
125,1,1,-0.5548002603816558,9119,1,19,0.03141557907549898,1,1,4,0.5128222880235941,0,0,1,0,1,0,1.0244051716205251,-0.5245145381909954,0.17228787550611457,-0.9054001033422325,0.5482199192646047,-0.1455296783343079,-0.27785718048264324,-0.5624841430544206,0.24496566487453414,-0.8108005674705294,1.111420637160408,5.242968639486738,-0.6848010294344052,Dropout
126,1,17,-0.5548002603816558,9130,1,1,0.03141557907549898,38,37,9,0.16171338571202631,1,0,0,1,0,0,-0.5629160247962092,-0.5245145381909954,-0.7834265177304435,0.10054681211098299,0.21598671060371608,-0.1455296783343079,-0.27785718048264324,-0.5624841430544206,-0.7790042170481644,0.18958623428473087,0.5675128995456216,-0.195430329440261,0.1228968751438458,Graduate
127,1,17,-0.5548002603816558,9147,1,1,0.03141557907549898,1,19,4,-2.199666094540286,0,0,0,1,1,0,-0.43063925842814793,-0.5245145381909954,1.366930867051812,-1.5760313803110428,-2.3407645038735576,-0.1455296783343079,-0.27785718048264324,-0.5624841430544206,-0.7790042170481644,-1.4777251019740363,-1.996623577781228,-0.195430329440261,-0.46451978273124583,Dropout
128,1,17,-0.5548002603816558,9556,1,1,0.03141557907549898,38,37,9,-0.17562654003830433,1,0,0,1,0,1,-0.6951927911642704,0.3089171462403005,-0.30556932111216445,0.7711780890797933,0.5409974582067593,-0.1455296783343079,-0.27785718048264324,0.8216023506687935,-0.011026805606140477,1.1899730360399912,0.9414494691557873,-0.195430329440261,1.1508760264252562,Graduate
129,1,1,0.961473361812632,9070,1,1,1.4499133685387258,34,34,0,1.14619520984054,1,0,0,1,0,0,-0.6951927911642704,-0.10779869597534744,-0.544497919421304,0.4358624505953882,0.3676583928184694,-0.1455296783343079,-0.27785718048264324,-0.10112197848001594,-0.5230117465674897,0.5230485015364843,0.5286623468588513,-0.195430329440261,1.0040218619564836,Graduate
130,1,1,-0.5548002603816558,9003,1,39,2.9893683338476533,37,38,9,2.2752512878620537,0,0,1,1,0,1,-0.5629160247962092,-0.10779869597534744,-0.06664072280302494,0.4358624505953882,0.47599530868615053,-0.1455296783343079,-0.27785718048264324,-0.10112197848001594,0.7569506058358834,0.18958623428473087,0.5286623468588513,-0.195430329440261,1.1508760264252562,Graduate
131,5,1,-0.5548002603816558,9147,1,1,0.03141557907549898,19,19,9,-0.4923130009467782,0,0,0,1,1,0,0.3630213397802192,-0.5245145381909954,0.17228787550611457,0.10054681211098299,0.25932147695078833,-0.1455296783343079,-0.27785718048264324,-0.5624841430544206,-0.7790042170481644,0.18958623428473087,-0.01524539075593522,-0.195430329440261,-0.46451978273124583,Graduate
132,2,7,-0.5548002603816558,9500,1,3,0.03141557907549898,37,19,9,-0.47854402438554006,1,0,0,1,0,0,2.876279900773382,1.975780515102892,0.6501450721243935,2.112440643017414,0.4109931591655417,-0.1455296783343079,2.9459510267554614,1.744326679817603,1.012943076316558,1.856897570543498,0.5224815771132291,-0.195430329440261,-1.125363522840724,Graduate
133,1,17,0.20333655071548815,9853,1,1,0.03141557907549898,19,1,9,-1.373527500866008,1,0,0,1,0,0,-0.43063925842814793,0.3089171462403005,0.889073670433533,0.4358624505953882,0.18709686637233416,-0.1455296783343079,-0.27785718048264324,0.3602401860943888,0.5009581353552087,-0.477338300218776,0.5286623468588513,-0.195430329440261,-0.6848010294344052,Enrolled
134,1,1,3.2358837951040633,9853,1,1,0.03141557907549898,1,19,5,-0.34085425877316033,0,0,0,1,0,0,-0.6951927911642704,-0.10779869597534744,-0.544497919421304,0.4358624505953882,0.40377069810769634,-0.1455296783343079,-0.27785718048264324,-0.10112197848001594,-0.5230117465674897,0.5230485015364843,0.334409583424999,-0.195430329440261,1.0040218619564836,Graduate
135,1,1,-0.5548002603816558,9147,1,1,2.2196408511931898,1,38,4,1.3596143465397281,0,0,0,1,0,0,-0.6951927911642704,-0.5245145381909954,-0.7834265177304435,0.10054681211098299,1.1693515702393094,-0.1455296783343079,-0.27785718048264324,-0.5624841430544206,-0.7790042170481644,0.18958623428473087,1.1891217425339486,-0.195430329440261,-0.46451978273124583,Graduate
136,2,1,-0.5548002603816558,9991,0,1,-3.608295803190608,37,37,1,2.406056565193815,0,0,0,1,1,0,4.728154629926238,-0.5245145381909954,-0.30556932111216445,-1.5760313803110428,-2.3407645038735576,-0.1455296783343079,-0.27785718048264324,-0.5624841430544206,-0.2670192760868151,-1.4777251019740363,-1.996623577781228,-0.195430329440261,-0.6848010294344052,Dropout
137,2,1,-0.5548002603816558,8014,0,3,0.03141557907549898,37,37,9,2.309673729265149,0,0,0,1,0,0,1.9503425361969535,1.975780515102892,0.6501450721243935,2.112440643017414,0.39720482441874616,-0.1455296783343079,2.4086496588824438,0.8216023506687935,-0.011026805606140477,1.1899730360399912,0.14015681999114674,-0.195430329440261,-1.125363522840724,Graduate
138,1,1,-0.5548002603816558,9991,0,19,0.03141557907549898,19,37,7,1.9654493152341994,1,0,1,0,1,0,2.0826193025650146,-0.5245145381909954,-0.544497919421304,0.10054681211098299,-0.04402188747871877,-0.1455296783343079,-0.27785718048264324,-0.5624841430544206,-0.2670192760868151,0.18958623428473087,0.8524169525819382,-0.195430329440261,0.1228968751438458,Dropout
139,1,18,-0.5548002603816558,9254,1,1,-1.6289965620791296,38,38,5,-0.25135591112511374,1,0,0,1,1,0,0.3630213397802192,-0.10779869597534744,0.41121647381525406,-0.2347688263734222,-0.17402618651993598,-0.1455296783343079,-0.27785718048264324,-0.10112197848001594,0.7569506058358834,-0.477338300218776,0.334409583424999,-0.195430329440261,-1.4924989340126564,Dropout
140,1,17,-0.5548002603816558,9254,1,1,0.03141557907549898,1,1,4,0.2787496864825483,1,0,0,1,0,0,-0.29836249206008675,-0.10779869597534744,0.889073670433533,-0.5700844648578274,0.042647645215426175,-0.1455296783343079,-0.27785718048264324,-0.10112197848001594,1.012943076316558,-0.8108005674705294,0.14015681999114674,-0.195430329440261,-1.4924989340126564,Enrolled
141,1,1,-0.5548002603816558,9500,1,1,0.7901469548348997,1,1,6,0.0859840146252159,0,0,0,1,0,0,2.0826193025650146,0.3089171462403005,-1.978069509276141,-1.5760313803110428,-2.3407645038735576,-0.1455296783343079,-0.27785718048264324,0.8216023506687935,-2.0589665694515373,-1.4777251019740363,-1.996623577781228,-0.195430329440261,1.8117197665347344,Dropout
142,1,1,-0.5548002603816558,8014,0,39,0.03141557907549898,37,38,6,0.20990480367635841,1,0,0,1,0,0,-0.033808959323964376,1.1423488306715963,0.41121647381525406,1.4418093660486038,0.018572775022608245,-0.1455296783343079,1.334046923136409,0.8216023506687935,0.5009581353552087,0.5230485015364843,0.20490774113576427,-0.195430329440261,-0.46451978273124583,Graduate
143,1,17,-0.5548002603816558,9003,1,1,0.03141557907549898,38,37,5,0.3062876396050246,1,0,0,1,1,1,-0.033808959323964376,4.8927914106124275,2.5615738585975096,4.459650112408251,0.2365137051891714,-0.1455296783343079,6.169759233993566,3.128413173540817,1.2689355467972325,2.8572843722987584,0.5137198265947088,-0.195430329440261,1.1508760264252562,Graduate
144,1,1,-0.5548002603816558,9238,1,1,-0.08954159677020185,37,37,9,0.6160896122328788,0,0,0,1,0,0,-0.6951927911642704,-0.10779869597534744,0.6501450721243935,0.10054681211098299,0.3459910096449333,-0.1455296783343079,-0.27785718048264324,-0.10112197848001594,-0.2670192760868151,0.5230485015364843,0.5286623468588513,-0.195430329440261,-1.4924989340126564,Graduate
145,1,17,1.719610172909776,9085,1,1,0.03141557907549898,19,19,4,-0.17562654003830433,1,0,0,1,0,0,-0.5629160247962092,-0.10779869597534744,1.366930867051812,0.4358624505953882,1.0537921933137828,-0.1455296783343079,-0.27785718048264324,-0.10112197848001594,0.24496566487453414,0.5230485015364843,0.8200414920096296,-0.195430329440261,1.1508760264252562,Graduate
146,1,17,0.20333655071548815,9119,1,1,0.03141557907549898,19,1,9,-0.4028146532987316,1,0,0,1,1,1,-0.6951927911642704,-0.5245145381909954,-0.544497919421304,0.10054681211098299,0.5193300750332228,-0.1455296783343079,-0.27785718048264324,-0.5624841430544206,-0.011026805606140477,0.18958623428473087,0.45096124148531025,-0.195430329440261,0.1228968751438458,Graduate
147,1,1,2.4777469840069197,9500,1,1,0.03141557907549898,19,38,4,0.9878519793863044,1,0,0,1,0,1,-0.6951927911642704,0.7256329884559484,0.17228787550611457,1.1064937275641986,0.5431641965241129,-0.1455296783343079,-0.27785718048264324,0.8216023506687935,0.24496566487453414,1.1899730360399912,0.5888807035233455,1.1641694127914886,-1.4924989340126564,Graduate
148,1,1,-0.5548002603816558,9556,1,1,0.7901469548348997,37,37,9,0.07221503806397872,1,0,0,0,0,0,1.1566819379885864,0.3089171462403005,-0.30556932111216445,-1.5760313803110428,-2.3407645038735576,14.98030056380468,-0.27785718048264324,0.8216023506687935,-0.011026805606140477,-1.4777251019740363,-1.996623577781228,9.321767866181988,0.1228968751438458,Dropout
149,2,17,2.4777469840069197,9119,1,1,-0.749308010474028,37,38,4,-0.2788938642475891,1,0,0,1,1,0,-0.29836249206008675,-0.5245145381909954,0.41121647381525406,-0.2347688263734222,0.5193300750332228,-0.1455296783343079,-0.27785718048264324,-0.5624841430544206,-0.2670192760868151,-0.14387603296702256,0.7714783011511666,2.5237691550232384,1.0040218619564836,Enrolled
150,1,1,-0.5548002603816558,9500,1,1,0.03141557907549898,38,37,9,-0.47854402438554006,1,0,0,1,0,1,0.230744573412158,0.7256329884559484,0.6501450721243935,0.10054681211098299,0.3212282860180348,-0.1455296783343079,-0.27785718048264324,0.8216023506687935,0.7569506058358834,0.8565107687882377,0.5849956482546682,3.883368897254988,-1.4924989340126564,Graduate
151,1,17,-0.5548002603816558,9853,1,1,0.03141557907549898,38,12,7,-1.0637255282381537,0,0,0,0,0,1,-0.43063925842814793,-0.10779869597534744,0.41121647381525406,-0.2347688263734222,0.25932147695078833,-0.1455296783343079,-0.27785718048264324,-0.10112197848001594,1.5249280172779072,-0.477338300218776,-0.05409594344270553,-0.195430329440261,1.0040218619564836,Dropout
152,1,1,-0.5548002603816558,9991,0,1,-1.4090744241778541,38,38,5,1.3251919051366332,0,0,0,1,0,0,0.4952981061482804,-0.5245145381909954,0.41121647381525406,-0.5700844648578274,0.33154608752924253,-0.1455296783343079,-0.27785718048264324,-0.5624841430544206,0.5009581353552087,-0.477338300218776,0.07540589884652919,-0.195430329440261,-0.46451978273124583,Enrolled
153,1,1,-0.5548002603816558,9147,1,1,-0.08954159677020185,38,37,7,0.299403151324406,1,0,0,1,0,0,-0.6951927911642704,-0.5245145381909954,-0.06664072280302494,-0.2347688263734222,0.25932147695078833,-0.1455296783343079,-0.27785718048264324,-0.5624841430544206,-0.011026805606140477,-0.14387603296702256,0.38297277428346205,-0.195430329440261,-1.4924989340126564,Graduate
154,1,17,-0.5548002603816558,9119,1,1,-0.30946373467147725,1,3,4,-0.2720093759669705,0,0,0,1,1,0,-0.6951927911642704,-0.5245145381909954,0.41121647381525406,-1.2407157418266377,-0.17402618651993598,-0.1455296783343079,-0.27785718048264324,-0.5624841430544206,-0.2670192760868151,-1.4777251019740363,-1.996623577781228,-0.195430329440261,-1.4924989340126564,Dropout
155,1,1,0.20333655071548815,9670,1,1,0.03141557907549898,1,1,9,-0.7470390673296808,1,0,0,1,1,1,-0.6951927911642704,-0.5245145381909954,-0.544497919421304,-0.2347688263734222,0.3134899348846289,-0.1455296783343079,-0.27785718048264324,-0.5624841430544206,-0.7790042170481644,0.18958623428473087,0.3732601361117693,-0.195430329440261,-1.4924989340126564,Graduate
156,1,1,0.961473361812632,9500,1,1,0.03141557907549898,19,19,9,0.32694110444688035,1,0,0,1,0,1,-0.5629160247962092,0.3089171462403005,0.41121647381525406,0.7711780890797933,0.6070829768860447,-0.1455296783343079,-0.27785718048264324,0.8216023506687935,0.7569506058358834,1.1899730360399912,0.3987558113124627,-0.195430329440261,1.1508760264252562,Graduate
157,1,7,-0.5548002603816558,9500,1,40,0.03141557907549898,1,1,9,2.963700115923952,0,0,0,1,0,0,0.09846780704409681,0.3089171462403005,-0.30556932111216445,0.7711780890797933,1.3179279120007,-0.1455296783343079,1.334046923136409,0.8216023506687935,0.24496566487453414,1.1899730360399912,1.061778264282868,-0.195430329440261,-0.6848010294344052,Graduate
158,1,1,-0.5548002603816558,9254,1,1,0.03141557907549898,38,19,3,-1.951824516438003,0,0,0,1,0,0,-0.29836249206008675,-0.10779869597534744,1.844788063670091,-0.9054001033422325,0.042647645215426175,-0.1455296783343079,-0.27785718048264324,-0.10112197848001594,1.012943076316558,-1.4777251019740363,-1.996623577781228,-0.195430329440261,1.8117197665347344,Dropout
159,2,1,-0.5548002603816558,8014,0,19,0.03141557907549898,37,37,6,0.829508748932067,0,0,0,1,1,0,3.4053869662456266,-0.10779869597534744,-0.06664072280302494,0.4358624505953882,0.29543378224001526,-0.1455296783343079,-0.27785718048264324,-0.10112197848001594,-0.011026805606140477,0.5230485015364843,0.8061662946214974,-0.195430329440261,-0.5379468649656323,Graduate
160,4,7,-0.5548002603816558,9500,1,40,0.03141557907549898,37,37,3,0.20990480367635841,1,0,0,1,0,0,1.1566819379885864,0.3089171462403005,1.844788063670091,-0.2347688263734222,0.6114164535207519,-0.1455296783343079,-0.27785718048264324,0.3602401860943888,-0.011026805606140477,0.8565107687882377,0.45824572011407966,-0.195430329440261,-0.5379468649656323,Enrolled
161,1,1,-0.5548002603816558,9500,1,1,-2.508685113684231,19,19,9,-1.456141360233436,1,0,0,1,1,0,-0.16608572569202557,0.3089171462403005,-0.06664072280302494,0.4358624505953882,0.7648937509999668,-0.1455296783343079,-0.27785718048264324,0.8216023506687935,0.24496566487453414,0.8565107687882377,0.6785144786506803,-0.195430329440261,-0.46451978273124583,Graduate
162,1,1,-0.5548002603816558,9085,1,1,-0.19950266572083955,37,37,90,0.6918189833196873,0,0,0,1,0,0,-0.6951927911642704,-0.5245145381909954,-0.7834265177304435,0.10054681211098299,0.6926691404215126,-0.1455296783343079,-0.27785718048264324,-0.5624841430544206,-0.5230117465674897,0.18958623428473087,0.9948689791000968,-0.195430329440261,1.0040218619564836,Graduate
163,1,17,-0.5548002603816558,9500,1,1,0.03141557907549898,19,38,5,0.1754823622732635,1,0,0,1,0,1,-0.43063925842814793,0.3089171462403005,-0.30556932111216445,0.4358624505953882,0.33154608752924253,-0.1455296783343079,-0.27785718048264324,0.3602401860943888,-0.2670192760868151,0.5230485015364843,0.3991605045696165,-0.195430329440261,1.0040218619564836,Graduate
164,1,1,0.20333655071548815,9500,1,1,0.03141557907549898,38,19,4,-1.4010654539884844,1,0,0,1,0,0,-0.43063925842814793,-0.10779869597534744,-0.30556932111216445,0.4358624505953882,0.3212282860180348,-0.1455296783343079,-0.27785718048264324,-0.10112197848001594,-0.011026805606140477,-0.14387603296702256,0.3732601361117693,-0.195430329440261,0.1228968751438458,Graduate
165,1,17,-0.5548002603816558,9130,1,1,0.03141557907549898,19,19,4,-0.926035762625774,1,0,0,1,0,0,-0.5629160247962092,-0.10779869597534744,-0.06664072280302494,0.4358624505953882,0.11487225579388036,-0.1455296783343079,-0.27785718048264324,-0.10112197848001594,1.012943076316558,-0.14387603296702256,0.6743519194342404,-0.195430329440261,0.1228968751438458,Graduate
166,1,1,-0.5548002603816558,9670,1,1,-0.30946373467147725,1,1,0,-0.5129664657886349,0,0,0,0,1,0,-0.5629160247962092,-0.5245145381909954,-0.7834265177304435,-1.5760313803110428,-2.3407645038735576,-0.1455296783343079,-0.27785718048264324,-0.10112197848001594,-2.0589665694515373,-1.4777251019740363,-1.996623577781228,-0.195430329440261,-1.4924989340126564,Dropout
167,1,1,0.20333655071548815,9085,1,1,0.03141557907549898,37,19,9,0.14105992087016858,0,0,0,1,0,0,-0.43063925842814793,-0.5245145381909954,-0.30556932111216445,-0.2347688263734222,0.2051530190169478,-0.1455296783343079,-0.27785718048264324,-0.5624841430544206,0.24496566487453414,-0.8108005674705294,0.043030438274220595,-0.195430329440261,1.0040218619564836,Enrolled
168,1,17,-0.5548002603816558,9500,1,1,0.03141557907549898,37,37,4,-0.9466892274676307,0,0,1,1,0,0,-0.43063925842814793,-0.10779869597534744,-0.06664072280302494,0.4358624505953882,0.3212282860180348,-0.1455296783343079,-0.27785718048264324,-0.10112197848001594,-0.011026805606140477,0.18958623428473087,0.7229151102927035,-0.195430329440261,-0.46451978273124583,Graduate
169,1,1,-0.5548002603816558,9500,1,1,0.03141557907549898,3,3,2,-0.8089994618552511,0,0,1,1,1,0,1.1566819379885864,-0.10779869597534744,1.844788063670091,-0.5700844648578274,0.3212282860180348,-0.1455296783343079,-0.27785718048264324,0.8216023506687935,0.5009581353552087,-0.477338300218776,0.010654977701912,-0.195430329440261,0.1228968751438458,Dropout
170,1,1,-0.5548002603816558,9670,1,1,0.03141557907549898,1,37,9,0.829508748932067,0,0,0,1,1,0,-0.29836249206008675,-0.10779869597534744,-0.544497919421304,0.10054681211098299,0.43266054233907825,-0.1455296783343079,-0.27785718048264324,-0.10112197848001594,0.24496566487453414,0.18958623428473087,0.38297277428346205,-0.195430329440261,0.1228968751438458,Enrolled
171,2,1,-0.5548002603816558,9254,1,1,-0.30946373467147725,37,37,9,-0.1343196103545908,0,0,0,1,0,0,2.347172835301137,-0.10779869597534744,-0.06664072280302494,0.4358624505953882,0.3212282860180348,-0.1455296783343079,-0.27785718048264324,-0.10112197848001594,0.5009581353552087,0.18958623428473087,0.5286623468588513,-0.195430329440261,0.1228968751438458,Graduate
172,1,1,-0.5548002603816558,9773,1,12,0.03141557907549898,1,1,9,0.19613582711512123,1,0,0,1,1,0,3.8022172653498103,-0.10779869597534744,-0.30556932111216445,0.10054681211098299,0.47599530868615053,-0.1455296783343079,-0.27785718048264324,-0.10112197848001594,-0.5230117465674897,0.5230485015364843,0.9171678737265557,-0.195430329440261,-1.4924989340126564,Graduate
173,1,17,-0.5548002603816558,9070,1,1,0.03141557907549898,37,19,9,-0.12055063379335265,1,0,0,1,0,0,-0.5629160247962092,-0.10779869597534744,-0.544497919421304,0.4358624505953882,0.7648937509999668,-0.1455296783343079,-0.27785718048264324,-0.10112197848001594,-0.5230117465674897,0.5230485015364843,0.6257887285757774,-0.195430329440261,1.8117197665347344,Graduate
174,2,1,-0.5548002603816558,9147,1,12,0.03141557907549898,37,37,9,-0.47854402438554006,0,0,0,1,0,0,0.230744573412158,-0.5245145381909954,-1.978069509276141,-1.5760313803110428,-2.3407645038735576,-0.1455296783343079,-0.27785718048264324,-0.5624841430544206,-2.0589665694515373,-1.4777251019740363,-1.996623577781228,-0.195430329440261,-1.4924989340126564,Dropout
175,1,1,-0.5548002603816558,9500,1,1,0.3503026790323489,19,19,4,0.6229741005134974,0,0,0,1,0,1,-0.5629160247962092,0.3089171462403005,-0.30556932111216445,0.7711780890797933,0.695764480874875,-0.1455296783343079,-0.27785718048264324,0.8216023506687935,-0.011026805606140477,1.1899730360399912,0.985156340928404,-0.195430329440261,-1.125363522840724,Graduate
176,1,17,-0.5548002603816558,9147,1,1,-0.749308010474028,37,37,4,-0.6919631610847281,0,0,0,1,1,1,-0.5629160247962092,-0.5245145381909954,0.889073670433533,-0.5700844648578274,0.18709686637233416,-0.1455296783343079,-0.27785718048264324,-0.5624841430544206,0.5009581353552087,-0.477338300218776,0.26965866228038143,-0.195430329440261,1.8117197665347344,Enrolled
177,1,1,-0.5548002603816558,9773,1,1,0.03141557907549898,34,37,0,-1.6833294734938624,0,0,0,1,0,0,0.3630213397802192,-0.10779869597534744,-0.06664072280302494,-0.2347688263734222,0.2051530190169478,-0.1455296783343079,-0.27785718048264324,-0.10112197848001594,1.012943076316558,-1.4777251019740363,-1.996623577781228,-0.195430329440261,1.0040218619564836,Dropout
178,1,1,0.20333655071548815,9500,1,1,0.2403416100817112,19,19,9,-0.2788938642475891,1,0,0,1,0,0,-0.6951927911642704,0.3089171462403005,0.41121647381525406,0.7711780890797933,0.5037295591482769,-0.1455296783343079,-0.27785718048264324,0.8216023506687935,1.2689355467972325,0.5230485015364843,0.566217881122729,-0.195430329440261,1.1508760264252562,Graduate
179,1,1,-0.5548002603816558,9991,0,3,-0.30946373467147725,37,37,9,1.3251919051366332,0,0,0,1,0,0,0.6275748725163416,3.2259280417498357,1.844788063670091,2.112440643017414,0.10174050841597924,-0.1455296783343079,2.9459510267554614,2.2056888443920077,2.0369129582392564,1.856897570543498,0.334409583424999,-0.195430329440261,0.1228968751438458,Graduate
180,1,1,-0.5548002603816558,9003,1,1,0.03141557907549898,1,3,9,-0.47854402438554006,0,0,1,0,1,0,2.744003134405321,0.3089171462403005,1.366930867051812,-0.2347688263734222,0.25932147695078833,-0.1455296783343079,-0.27785718048264324,-0.10112197848001594,2.0369129582392564,-1.4777251019740363,-1.996623577781228,1.1641694127914886,1.1508760264252562,Dropout
181,1,1,-0.5548002603816558,171,1,1,1.4499133685387258,19,37,9,1.7933371082187248,1,0,0,1,0,1,-0.29836249206008675,4.476075568396779,2.32264526028837,4.124334473923845,0.5602573543610136,-0.1455296783343079,7.781663337612618,4.973861831838436,2.5488978992006057,4.191133441305772,0.8955842333450167,-0.195430329440261,-0.46451978273124583,Graduate
182,1,17,-0.5548002603816558,9070,1,1,0.03141557907549898,38,19,7,-0.3615077236150171,1,0,0,1,0,0,-0.6951927911642704,-0.10779869597534744,-0.544497919421304,-0.9054001033422325,0.47599530868615053,-0.1455296783343079,-0.27785718048264324,-0.10112197848001594,-0.5230117465674897,-1.4777251019740363,-1.996623577781228,-0.195430329440261,-0.5379468649656323,Dropout
183,1,1,-0.5548002603816558,9556,1,1,0.03141557907549898,3,3,9,2.9086242096789996,0,0,1,0,0,0,4.0667707980859324,0.3089171462403005,-0.30556932111216445,0.10054681211098299,0.3212282860180348,-0.1455296783343079,-0.27785718048264324,-0.5624841430544206,0.5009581353552087,-1.4777251019740363,-1.996623577781228,-0.195430329440261,-0.5379468649656323,Dropout
184,2,1,-0.5548002603816558,9254,1,1,0.03141557907549898,37,37,4,-0.47854402438554006,1,0,0,1,0,0,1.4212354707247088,-0.10779869597534744,-0.30556932111216445,0.10054681211098299,0.3459910096449333,-0.1455296783343079,-0.27785718048264324,-0.10112197848001594,-0.011026805606140477,0.18958623428473087,0.4898117941720809,-0.195430329440261,-1.4924989340126564,Graduate
185,1,1,-0.5548002603816558,9085,1,1,-0.30946373467147725,34,1,0,0.0859840146252159,0,0,0,1,1,0,0.230744573412158,-0.5245145381909954,-0.7834265177304435,-1.5760313803110428,-2.3407645038735576,-0.1455296783343079,-0.27785718048264324,-0.5624841430544206,-0.7790042170481644,-1.4777251019740363,-1.996623577781228,-0.195430329440261,1.0040218619564836,Dropout
186,1,1,-0.5548002603816558,9130,1,10,0.03141557907549898,12,36,90,0.0859840146252159,0,0,0,0,1,1,0.892128405252464,-0.5245145381909954,1.1280022687426725,-1.5760313803110428,-2.3407645038735576,-0.1455296783343079,-0.27785718048264324,-0.5624841430544206,-0.7790042170481644,-1.4777251019740363,-1.996623577781228,6.602568381718488,-1.4924989340126564,Dropout
187,1,1,-0.5548002603816558,9500,1,1,0.03141557907549898,3,1,6,-0.7332700907684426,1,0,0,1,0,0,0.09846780704409681,-0.10779869597534744,-0.06664072280302494,0.10054681211098299,0.3212282860180348,-0.1455296783343079,-0.27785718048264324,-0.10112197848001594,-0.2670192760868151,0.18958623428473087,0.3732601361117693,-0.195430329440261,-1.4924989340126564,Graduate
188,1,17,0.20333655071548815,9147,1,1,0.13038054113107353,37,19,9,-0.044821262706544206,1,0,0,1,0,1,-0.6951927911642704,-0.5245145381909954,-0.06664072280302494,0.10054681211098299,0.21598671060371608,-0.1455296783343079,-0.27785718048264324,-0.5624841430544206,0.5009581353552087,0.18958623428473087,0.256708478051458,3.883368897254988,-0.6848010294344052,Graduate
189,2,1,0.20333655071548815,9003,1,19,0.03141557907549898,38,19,4,-1.1669928524474384,0,0,0,0,1,0,1.1566819379885864,0.7256329884559484,0.889073670433533,-0.9054001033422325,0.15098456108310726,-0.1455296783343079,-0.27785718048264324,0.3602401860943888,0.24496566487453414,-1.4777251019740363,-1.996623577781228,-0.195430329440261,1.1508760264252562,Dropout
190,1,1,-0.5548002603816558,9085,1,1,0.03141557907549898,3,4,2,0.2512117333600719,0,0,0,1,0,0,-0.6951927911642704,-0.5245145381909954,0.889073670433533,0.10054681211098299,0.43266054233907825,-0.1455296783343079,-0.27785718048264324,-0.5624841430544206,0.5009581353552087,0.18958623428473087,0.3066591886487345,1.1641694127914886,-1.4924989340126564,Graduate
191,1,1,-0.5548002603816558,9119,1,1,0.03141557907549898,1,38,3,-0.47854402438554006,0,0,0,1,1,0,0.09846780704409681,-0.5245145381909954,-0.544497919421304,-0.5700844648578274,-0.029576965363028007,-0.1455296783343079,-0.27785718048264324,-0.5624841430544206,0.24496566487453414,-0.8108005674705294,0.043030438274220595,-0.195430329440261,1.1508760264252562,Enrolled
192,1,1,-0.5548002603816558,171,1,1,0.2403416100817112,1,38,5,0.7262414247227823,1,0,1,0,1,0,-0.5629160247962092,-2.608093749269235,-1.978069509276141,-1.5760313803110428,-2.3407645038735576,-0.1455296783343079,-0.27785718048264324,-2.869294965926444,-2.0589665694515373,-1.4777251019740363,-1.996623577781228,-0.195430329440261,1.8117197665347344,Dropout
193,1,1,-0.5548002603816558,9991,0,1,0.9001080237855373,37,37,9,0.3407100810081195,0,0,0,1,0,0,-0.29836249206008675,1.5590646728872442,2.8005024569066492,0.4358624505953882,0.15098456108310726,-0.1455296783343079,2.4086496588824438,1.744326679817603,2.2929054287199313,0.18958623428473087,0.41211068879853996,-0.195430329440261,-1.4924989340126564,Dropout
194,2,1,-0.5548002603816558,9556,1,19,0.03141557907549898,37,38,9,-0.2720093759669705,0,0,0,1,0,0,1.0244051716205251,0.3089171462403005,1.1280022687426725,0.4358624505953882,0.22320917166156143,-0.1455296783343079,-0.27785718048264324,0.3602401860943888,-0.011026805606140477,0.8565107687882377,0.37881021506702217,-0.195430329440261,-0.5379468649656323,Enrolled
195,2,1,-0.5548002603816558,9238,1,19,0.03141557907549898,37,37,4,-1.9587090047186217,0,0,0,1,0,0,3.2731101998775656,-0.10779869597534744,1.366930867051812,0.4358624505953882,0.11487225579388036,-0.1455296783343079,-0.27785718048264324,-0.10112197848001594,0.7569506058358834,0.18958623428473087,0.41211068879853996,-0.195430329440261,1.1508760264252562,Graduate
196,1,17,0.961473361812632,9500,1,1,0.03141557907549898,38,1,9,0.3338255927275009,1,0,0,1,0,0,-0.6951927911642704,0.7256329884559484,-0.06664072280302494,0.7711780890797933,0.8341261991401704,-0.1455296783343079,-0.27785718048264324,0.8216023506687935,-0.011026805606140477,0.8565107687882377,0.8497344144202326,-0.195430329440261,0.1228968751438458,Graduate
197,1,17,-0.5548002603816558,9070,1,1,0.03141557907549898,37,38,9,0.7606638661258772,0,0,0,1,1,1,-0.6951927911642704,-0.10779869597534744,-0.544497919421304,0.4358624505953882,0.6204445298430585,-0.1455296783343079,-0.27785718048264324,-0.10112197848001594,-0.5230117465674897,0.5230485015364843,0.334409583424999,-0.195430329440261,-0.5379468649656323,Graduate
198,1,1,-0.5548002603816558,9500,1,1,0.03141557907549898,3,3,1,-0.8227684384164893,0,0,0,1,1,0,-0.16608572569202557,-0.10779869597534744,0.889073670433533,-1.5760313803110428,0.3212282860180348,-0.1455296783343079,-0.27785718048264324,-0.10112197848001594,0.5009581353552087,-1.4777251019740363,-1.996623577781228,-0.195430329440261,-0.6848010294344052,Dropout
199,1,1,0.961473361812632,9238,1,1,0.03141557907549898,1,1,3,0.3062876396050246,1,0,0,1,0,0,-0.43063925842814793,-0.10779869597534744,0.17228787550611457,0.10054681211098299,0.21598671060371608,-0.1455296783343079,-0.27785718048264324,-0.10112197848001594,-0.2670192760868151,0.5230485015364843,0.23728320170807285,-0.195430329440261,1.0040218619564836,Graduate
200,2,1,-0.5548002603816558,9991,0,19,0.03141557907549898,19,39,5,-0.3615077236150171,0,0,1,0,0,0,1.0244051716205251,-0.5245145381909954,-0.30556932111216445,-1.5760313803110428,-2.3407645038735576,-0.1455296783343079,-0.27785718048264324,-0.5624841430544206,-0.2670192760868151,-1.4777251019740363,-1.996623577781228,-0.195430329440261,-0.6848010294344052,Dropout
201,1,17,1.719610172909776,9147,1,1,0.03141557907549898,19,19,9,-0.6162337899979198,1,0,0,1,0,0,-0.5629160247962092,-0.5245145381909954,-0.30556932111216445,0.10054681211098299,0.3212282860180348,-0.1455296783343079,-0.27785718048264324,-0.5624841430544206,-0.5230117465674897,0.18958623428473087,0.3732601361117693,-0.195430329440261,0.1228968751438458,Graduate
202,1,1,-0.5548002603816558,171,1,1,0.3503026790323489,37,19,5,0.14105992087016858,1,0,0,1,1,1,-0.5629160247962092,-2.608093749269235,-1.978069509276141,-1.5760313803110428,-2.3407645038735576,-0.1455296783343079,-0.27785718048264324,-2.869294965926444,-2.0589665694515373,-1.4777251019740363,-1.996623577781228,-0.195430329440261,-1.125363522840724,Graduate
203,1,1,-0.5548002603816558,9500,1,1,0.3503026790323489,1,19,9,0.3131721278856432,0,0,0,1,0,1,-0.43063925842814793,0.3089171462403005,-0.06664072280302494,0.4358624505953882,0.6630570500843472,-0.1455296783343079,-0.27785718048264324,0.8216023506687935,0.24496566487453414,0.8565107687882377,0.7576031037630343,-0.195430329440261,-0.46451978273124583,Graduate
204,1,18,-0.5548002603816558,8014,0,1,0.5702248169336243,19,1,9,0.5197067763042127,1,0,0,1,0,0,-0.5629160247962092,-0.10779869597534744,-0.544497919421304,0.4358624505953882,0.40377069810769634,-0.1455296783343079,-0.27785718048264324,-0.10112197848001594,-0.011026805606140477,0.5230485015364843,0.7957598965803981,-0.195430329440261,-0.5379468649656323,Graduate
205,1,1,-0.5548002603816558,9991,0,1,0.03141557907549898,37,37,9,-0.3546232353343985,0,0,0,0,1,0,1.6857890034608312,-0.5245145381909954,-0.7834265177304435,-1.5760313803110428,-2.3407645038735576,-0.1455296783343079,-0.27785718048264324,-0.5624841430544206,-0.7790042170481644,-1.4777251019740363,-1.996623577781228,-0.195430329440261,1.8117197665347344,Dropout
206,1,17,0.20333655071548815,9238,1,1,0.03141557907549898,1,37,7,0.03090810838026521,1,0,0,1,0,1,-0.6951927911642704,-0.10779869597534744,-0.06664072280302494,0.4358624505953882,0.3134899348846289,-0.1455296783343079,-0.27785718048264324,-0.10112197848001594,-0.2670192760868151,0.5230485015364843,0.3066591886487345,-0.195430329440261,1.8117197665347344,Graduate
207,1,1,1.719610172909776,171,1,1,-0.19950266572083955,1,1,0,1.5799179715195366,1,0,0,1,1,0,-0.6951927911642704,-2.608093749269235,-1.978069509276141,-1.5760313803110428,-2.3407645038735576,-0.1455296783343079,-0.27785718048264324,-2.869294965926444,-2.0589665694515373,-1.4777251019740363,-1.996623577781228,-0.195430329440261,-0.46451978273124583,Dropout
208,1,1,-0.5548002603816558,9773,1,19,-3.608295803190608,37,37,0,0.07221503806397872,1,0,0,1,1,0,0.6275748725163416,-0.10779869597534744,-0.30556932111216445,0.4358624505953882,0.5121076139753774,-0.1455296783343079,-0.27785718048264324,-0.10112197848001594,-0.5230117465674897,0.5230485015364843,0.6581641891480859,-0.195430329440261,1.0040218619564836,Graduate
209,1,1,-0.5548002603816558,9853,1,1,0.03141557907549898,19,19,9,0.3475945692887381,1,0,0,1,0,0,-0.29836249206008675,-0.10779869597534744,-0.06664072280302494,0.10054681211098299,0.25932147695078833,-0.1455296783343079,-0.27785718048264324,-0.10112197848001594,0.24496566487453414,0.18958623428473087,0.1013062673043764,-0.195430329440261,1.8117197665347344,Enrolled
210,1,17,3.2358837951040633,9773,1,1,0.9001080237855373,37,37,5,0.051561573222121966,1,0,0,1,1,0,-0.6951927911642704,-0.10779869597534744,-0.544497919421304,0.4358624505953882,0.9454552774461017,-0.1455296783343079,-0.27785718048264324,-0.10112197848001594,-0.5230117465674897,0.5230485015364843,0.8847924131542472,-0.195430329440261,-1.4924989340126564,Graduate
211,1,1,1.719610172909776,9500,1,1,0.03141557907549898,1,19,4,-0.017283309584067878,1,0,0,1,0,0,-0.6951927911642704,0.3089171462403005,-1.978069509276141,-1.5760313803110428,-2.3407645038735576,-0.1455296783343079,-0.27785718048264324,0.8216023506687935,-2.0589665694515373,-1.4777251019740363,-1.996623577781228,-0.195430329440261,1.1508760264252562,Dropout
212,1,17,1.719610172909776,9556,1,1,0.03141557907549898,1,1,4,-1.3666430125853894,1,0,0,1,0,0,-0.43063925842814793,0.3089171462403005,-0.30556932111216445,0.7711780890797933,0.3676583928184694,-0.1455296783343079,-0.27785718048264324,0.8216023506687935,-0.011026805606140477,1.1899730360399912,0.5553721018310058,-0.195430329440261,-0.5379468649656323,Graduate
213,1,1,1.719610172909776,9500,1,1,0.03141557907549898,1,37,4,-0.3546232353343985,1,0,0,1,0,1,-0.5629160247962092,0.7256329884559484,-0.06664072280302494,0.7711780890797933,0.6059996077273677,-0.1455296783343079,-0.27785718048264324,0.8216023506687935,-0.011026805606140477,0.8565107687882377,0.6452140049191625,-0.195430329440261,1.8117197665347344,Graduate
214,1,1,0.961473361812632,9500,1,1,0.03141557907549898,3,3,1,0.14105992087016858,1,0,0,1,0,0,-0.6951927911642704,0.7256329884559484,0.17228787550611457,0.4358624505953882,0.5507477806348506,-0.1455296783343079,-0.27785718048264324,0.8216023506687935,0.24496566487453414,0.5230485015364843,0.5956795502435304,2.5237691550232384,-1.4924989340126564,Enrolled
215,1,1,-0.5548002603816558,9853,1,1,0.7901469548348997,19,19,7,-0.16185756347706715,1,0,0,1,0,0,-0.6951927911642704,0.3089171462403005,-0.30556932111216445,0.4358624505953882,0.18709686637233416,-0.1455296783343079,-0.27785718048264324,0.3602401860943888,-0.011026805606140477,0.5230485015364843,0.6257887285757774,-0.195430329440261,-0.6848010294344052,Graduate
216,1,1,-0.5548002603816558,9500,1,1,-1.1891522862765787,9,19,90,-1.621369078968291,0,0,0,1,0,0,-0.5629160247962092,-0.10779869597534744,-0.544497919421304,0.10054681211098299,0.3212282860180348,-0.1455296783343079,-0.27785718048264324,-0.5624841430544206,-0.5230117465674897,0.18958623428473087,0.5286623468588513,-0.195430329440261,1.0040218619564836,Graduate
217,1,1,-0.5548002603816558,9119,1,1,0.03141557907549898,38,37,7,0.14105992087016858,0,0,0,1,1,0,0.09846780704409681,-0.5245145381909954,0.17228787550611457,-1.5760313803110428,-2.3407645038735576,-0.1455296783343079,-0.27785718048264324,-0.5624841430544206,-0.011026805606140477,-0.8108005674705294,0.8200414920096296,2.5237691550232384,1.0040218619564836,Dropout
218,1,1,-0.5548002603816558,9130,1,1,0.03141557907549898,19,1,9,1.9998717566372943,0,0,1,0,1,0,0.09846780704409681,-0.10779869597534744,0.6501450721243935,0.10054681211098299,0.22320917166156143,-0.1455296783343079,-0.27785718048264324,-0.10112197848001594,0.7569506058358834,-0.14387603296702256,0.23728320170807285,-0.195430329440261,1.1508760264252562,Dropout
219,1,1,-0.5548002603816558,9853,1,1,2.9893683338476533,1,37,9,1.311422928575396,1,0,0,1,0,0,-0.5629160247962092,-0.10779869597534744,0.6501450721243935,-0.5700844648578274,-0.1018015759414818,-0.1455296783343079,-0.27785718048264324,-0.10112197848001594,0.5009581353552087,0.18958623428473087,0.29555903073822865,-0.195430329440261,-1.4924989340126564,Enrolled
220,1,1,0.20333655071548815,9500,1,1,0.03141557907549898,37,1,9,0.8157397723708298,1,0,0,1,0,1,-0.6951927911642704,0.3089171462403005,-0.30556932111216445,0.4358624505953882,0.46516161709938225,-0.1455296783343079,-0.27785718048264324,0.3602401860943888,-0.2670192760868151,0.5230485015364843,0.5189497086871585,-0.195430329440261,1.0040218619564836,Graduate
221,1,1,-0.5548002603816558,9070,1,39,-0.30946373467147725,19,37,5,-0.20316449316078067,1,0,0,1,0,1,-0.29836249206008675,2.39249635731854,0.889073670433533,2.4477562815018192,0.5482199192646047,-0.1455296783343079,2.4086496588824438,2.6670510089664123,1.012943076316558,2.1903598377952513,0.4403656362070998,-0.195430329440261,1.1508760264252562,Graduate
